applicant_id,prediction
"1","0"
"2","0"
"3","0"
"4","0"
"5","1"
"6","0"
"7","0"
"8","1"
"9","1"
"10","1"
"11","0"
"12","0"
"13","0"
"14","1"
"15","1"
"16","0"
"17","0"
"18","0"
"19","1"
"20","1"
"21","0"
"22","0"
"23","0"
"24","1"
"25","0"
"26","0"
"27","1"
"28","0"
"29","0"
"30","0"
"31","0"
"32","1"
"33","0"
"34","0"
"35","0"
"36","0"
"37","0"
"38","1"
"39","1"
"40","0"
"41","1"
"42","0"
"43","0"
"44","1"
"45","0"
"46","1"
"47","1"
"48","0"
"49","0"
"50","1"
"51","0"
"52","1"
"53","0"
"54","0"
"55","0"
"56","1"
"57","0"
"58","0"
"59","0"
"60","0"
"61","0"
"62","0"
"63","0"
"64","0"
"65","0"
"66","1"
"67","1"
"68","1"
"69","1"
"70","0"
"71","1"
"72","0"
"73","0"
"74","0"
"75","0"
"76","0"
"77","1"
"78","1"
"79","1"
"80","0"
"81","1"
"82","0"
"83","0"
"84","0"
"85","0"
"86","0"
"87","0"
"88","0"
"89","1"
"90","1"
"91","1"
"92","0"
"93","0"
"94","0"
"95","1"
"96","1"
"97","1"
"98","1"
"99","0"
"100","0"
"101","0"
"102","0"
"103","1"
"104","1"
"105","0"
"106","0"
"107","0"
"108","1"
"109","1"
"110","0"
"111","0"
"112","0"
"113","1"
"114","1"
"115","1"
"116","1"
"117","0"
"118","0"
"119","0"
"120","1"
"121","0"
"122","0"
"123","0"
"124","0"
"125","1"
"126","0"
"127","0"
"128","1"
"129","0"
"130","0"
"131","0"
"132","0"
"133","1"
"134","0"
"135","1"
"136","1"
"137","1"
"138","0"
"139","0"
"140","0"
"141","0"
"142","0"
"143","1"
"144","0"
"145","0"
"146","0"
"147","0"
"148","0"
"149","0"
"150","1"
"151","0"
"152","0"
"153","0"
"154","0"
"155","0"
"156","0"
"157","1"
"158","0"
"159","0"
"160","0"
"161","0"
"162","1"
"163","0"
"164","0"
"165","0"
"166","1"
"167","0"
"168","0"
"169","1"
"170","0"
"171","0"
"172","1"
"173","0"
"174","1"
"175","0"
"176","1"
"177","0"
"178","0"
"179","0"
"180","0"
"181","0"
"182","0"
"183","1"
"184","0"
"185","0"
"186","1"
"187","0"
"188","0"
"189","1"
"190","0"
"191","0"
"192","1"
"193","0"
"194","1"
"195","0"
"196","0"
"197","0"
"198","1"
"199","0"
"200","1"
"201","0"
"202","0"
"203","0"
"204","0"
"205","0"
"206","0"
"207","0"
"208","0"
"209","0"
"210","1"
"211","0"
"212","1"
"213","0"
"214","0"
"215","0"
"216","1"
"217","0"
"218","0"
"219","0"
"220","0"
"221","0"
"222","1"
"223","1"
"224","0"
"225","0"
"226","1"
"227","1"
"228","1"
"229","1"
"230","1"
"231","0"
"232","0"
"233","0"
"234","1"
"235","0"
"236","0"
"237","1"
"238","0"
"239","1"
"240","0"
"241","0"
"242","1"
"243","0"
"244","0"
"245","1"
"246","0"
"247","0"
"248","1"
"249","0"
"250","0"
"251","0"
"252","1"
"253","0"
"254","0"
"255","0"
"256","1"
"257","0"
"258","0"
"259","0"
"260","0"
"261","0"
"262","0"
"263","0"
"264","0"
"265","0"
"266","1"
"267","0"
"268","0"
"269","1"
"270","0"
"271","0"
"272","0"
"273","1"
"274","0"
"275","0"
"276","0"
"277","1"
"278","0"
"279","0"
"280","1"
"281","0"
"282","0"
"283","0"
"284","1"
"285","0"
"286","1"
"287","0"
"288","0"
"289","0"
"290","0"
"291","0"
"292","0"
"293","0"
"294","0"
"295","0"
"296","1"
"297","0"
"298","0"
"299","0"
"300","0"
"301","1"
"302","0"
"303","0"
"304","1"
"305","1"
"306","1"
"307","0"
"308","1"
"309","0"
"310","0"
"311","0"
"312","0"
"313","0"
"314","0"
"315","0"
"316","0"
"317","0"
"318","1"
"319","0"
"320","0"
"321","0"
"322","0"
"323","0"
"324","0"
"325","1"
"326","0"
"327","1"
"328","1"
"329","0"
"330","0"
"331","0"
"332","0"
"333","0"
"334","0"
"335","0"
"336","0"
"337","0"
"338","0"
"339","1"
"340","1"
"341","1"
"342","1"
"343","0"
"344","0"
"345","0"
"346","1"
"347","1"
"348","0"
"349","0"
"350","0"
"351","0"
"352","0"
"353","0"
"354","0"
"355","0"
"356","1"
"357","1"
"358","0"
"359","0"
"360","1"
"361","1"
"362","1"
"363","0"
"364","0"
"365","1"
"366","0"
"367","1"
"368","0"
"369","0"
"370","0"
"371","1"
"372","0"
"373","0"
"374","0"
"375","1"
"376","1"
"377","0"
"378","0"
"379","1"
"380","0"
"381","0"
"382","0"
"383","0"
"384","0"
"385","0"
"386","0"
"387","0"
"388","1"
"389","1"
"390","0"
"391","0"
"392","0"
"393","0"
"394","1"
"395","1"
"396","0"
"397","1"
"398","0"
"399","0"
"400","0"
"401","0"
"402","0"
"403","0"
"404","0"
"405","0"
"406","0"
"407","0"
"408","0"
"409","1"
"410","0"
"411","0"
"412","1"
"413","0"
"414","0"
"415","1"
"416","0"
"417","0"
"418","1"
"419","0"
"420","0"
"421","0"
"422","0"
"423","0"
"424","0"
"425","1"
"426","0"
"427","1"
"428","1"
"429","0"
"430","1"
"431","0"
"432","1"
"433","0"
"434","0"
"435","0"
"436","1"
"437","0"
"438","1"
"439","1"
"440","1"
"441","0"
"442","0"
"443","0"
"444","1"
"445","0"
"446","1"
"447","0"
"448","1"
"449","1"
"450","1"
"451","0"
"452","1"
"453","0"
"454","0"
"455","1"
"456","0"
"457","1"
"458","0"
"459","0"
"460","1"
"461","0"
"462","0"
"463","1"
"464","0"
"465","0"
"466","1"
"467","0"
"468","0"
"469","0"
"470","0"
"471","0"
"472","1"
"473","0"
"474","0"
"475","1"
"476","1"
"477","0"
"478","0"
"479","0"
"480","0"
"481","0"
"482","0"
"483","0"
"484","0"
"485","0"
"486","0"
"487","0"
"488","1"
"489","0"
"490","1"
"491","0"
"492","0"
"493","0"
"494","1"
"495","0"
"496","1"
"497","0"
"498","0"
"499","0"
"500","0"
"501","0"
"502","0"
"503","0"
"504","0"
"505","0"
"506","1"
"507","0"
"508","0"
"509","1"
"510","1"
"511","1"
"512","0"
"513","0"
"514","1"
"515","0"
"516","0"
"517","0"
"518","0"
"519","0"
"520","1"
"521","0"
"522","0"
"523","0"
"524","0"
"525","0"
"526","0"
"527","0"
"528","0"
"529","1"
"530","1"
"531","0"
"532","1"
"533","0"
"534","0"
"535","0"
"536","0"
"537","0"
"538","0"
"539","0"
"540","0"
"541","1"
"542","0"
"543","1"
"544","0"
"545","0"
"546","0"
"547","0"
"548","1"
"549","0"
"550","0"
"551","0"
"552","0"
"553","0"
"554","0"
"555","1"
"556","0"
"557","0"
"558","0"
"559","0"
"560","1"
"561","0"
"562","0"
"563","0"
"564","0"
"565","0"
"566","1"
"567","0"
"568","0"
"569","0"
"570","0"
"571","1"
"572","1"
"573","0"
"574","1"
"575","1"
"576","1"
"577","1"
"578","0"
"579","0"
"580","0"
"581","0"
"582","0"
"583","1"
"584","0"
"585","0"
"586","0"
"587","0"
"588","1"
"589","0"
"590","0"
"591","0"
"592","1"
"593","1"
"594","0"
"595","0"
"596","1"
"597","0"
"598","0"
"599","1"
"600","0"
"601","0"
"602","0"
"603","0"
"604","0"
"605","0"
"606","0"
"607","1"
"608","0"
"609","0"
"610","1"
"611","1"
"612","1"
"613","0"
"614","0"
"615","0"
"616","0"
"617","1"
"618","0"
"619","0"
"620","0"
"621","0"
"622","1"
"623","0"
"624","0"
"625","0"
"626","1"
"627","0"
"628","0"
"629","1"
"630","0"
"631","1"
"632","1"
"633","0"
"634","1"
"635","0"
"636","0"
"637","0"
"638","0"
"639","1"
"640","1"
"641","1"
"642","1"
"643","0"
"644","0"
"645","0"
"646","0"
"647","0"
"648","0"
"649","0"
"650","1"
"651","1"
"652","1"
"653","1"
"654","0"
"655","0"
"656","1"
"657","0"
"658","1"
"659","0"
"660","0"
"661","1"
"662","1"
"663","1"
"664","0"
"665","0"
"666","1"
"667","0"
"668","1"
"669","1"
"670","0"
"671","1"
"672","1"
"673","1"
"674","1"
"675","0"
"676","0"
"677","0"
"678","1"
"679","0"
"680","0"
"681","0"
"682","0"
"683","0"
"684","1"
"685","0"
"686","0"
"687","1"
"688","1"
"689","0"
"690","1"
"691","0"
"692","0"
"693","1"
"694","0"
"695","0"
"696","0"
"697","1"
"698","1"
"699","0"
"700","1"
"701","0"
"702","1"
"703","1"
"704","0"
"705","1"
"706","1"
"707","1"
"708","1"
"709","1"
"710","0"
"711","0"
"712","0"
"713","1"
"714","0"
"715","1"
"716","1"
"717","1"
"718","0"
"719","0"
"720","0"
"721","1"
"722","0"
"723","0"
"724","0"
"725","0"
"726","0"
"727","0"
"728","0"
"729","1"
"730","0"
"731","1"
"732","1"
"733","1"
"734","0"
"735","0"
"736","1"
"737","1"
"738","1"
"739","1"
"740","1"
"741","0"
"742","1"
"743","0"
"744","1"
"745","0"
"746","1"
"747","0"
"748","0"
"749","0"
"750","0"
"751","0"
"752","0"
"753","1"
"754","0"
"755","1"
"756","1"
"757","1"
"758","0"
"759","0"
"760","0"
"761","1"
"762","0"
"763","1"
"764","1"
"765","1"
"766","1"
"767","0"
"768","1"
"769","0"
"770","0"
"771","0"
"772","0"
"773","0"
"774","0"
"775","0"
"776","0"
"777","0"
"778","1"
"779","0"
"780","0"
"781","0"
"782","0"
"783","0"
"784","0"
"785","1"
"786","0"
"787","1"
"788","0"
"789","0"
"790","0"
"791","0"
"792","1"
"793","0"
"794","1"
"795","0"
"796","1"
"797","0"
"798","1"
"799","0"
"800","0"
"801","0"
"802","0"
"803","1"
"804","0"
"805","1"
"806","0"
"807","1"
"808","0"
"809","1"
"810","1"
"811","0"
"812","1"
"813","0"
"814","1"
"815","1"
"816","1"
"817","0"
"818","0"
"819","0"
"820","0"
"821","1"
"822","1"
"823","1"
"824","0"
"825","0"
"826","0"
"827","1"
"828","0"
"829","0"
"830","1"
"831","1"
"832","0"
"833","0"
"834","0"
"835","0"
"836","0"
"837","0"
"838","0"
"839","1"
"840","1"
"841","1"
"842","1"
"843","1"
"844","0"
"845","1"
"846","0"
"847","1"
"848","1"
"849","0"
"850","0"
"851","0"
"852","1"
"853","0"
"854","0"
"855","0"
"856","0"
"857","0"
"858","1"
"859","0"
"860","0"
"861","0"
"862","1"
"863","0"
"864","0"
"865","0"
"866","0"
"867","0"
"868","1"
"869","0"
"870","0"
"871","1"
"872","1"
"873","0"
"874","1"
"875","1"
"876","0"
"877","1"
"878","1"
"879","0"
"880","0"
"881","0"
"882","0"
"883","1"
"884","0"
"885","0"
"886","1"
"887","1"
"888","1"
"889","0"
"890","1"
"891","0"
"892","1"
"893","1"
"894","1"
"895","0"
"896","1"
"897","0"
"898","1"
"899","1"
"900","1"
"901","0"
"902","0"
"903","0"
"904","0"
"905","1"
"906","0"
"907","0"
"908","0"
"909","0"
"910","0"
"911","1"
"912","0"
"913","0"
"914","1"
"915","0"
"916","0"
"917","0"
"918","1"
"919","1"
"920","1"
"921","0"
"922","1"
"923","0"
"924","1"
"925","1"
"926","0"
"927","0"
"928","0"
"929","1"
"930","0"
"931","1"
"932","0"
"933","0"
"934","0"
"935","0"
"936","0"
"937","0"
"938","0"
"939","0"
"940","0"
"941","0"
"942","0"
"943","0"
"944","1"
"945","0"
"946","0"
"947","1"
"948","0"
"949","1"
"950","0"
"951","0"
"952","0"
"953","1"
"954","0"
"955","0"
"956","0"
"957","0"
"958","1"
"959","1"
"960","0"
"961","0"
"962","0"
"963","0"
"964","1"
"965","0"
"966","0"
"967","1"
"968","0"
"969","0"
"970","1"
"971","0"
"972","1"
"973","0"
"974","0"
"975","0"
"976","0"
"977","0"
"978","0"
"979","0"
"980","1"
"981","0"
"982","0"
"983","0"
"984","0"
"985","1"
"986","0"
"987","0"
"988","0"
"989","0"
"990","1"
"991","1"
"992","0"
"993","1"
"994","0"
"995","1"
"996","0"
"997","0"
"998","1"
"999","0"
"1000","0"
"1001","0"
"1002","0"
"1003","0"
"1004","0"
"1005","0"
"1006","0"
"1007","1"
"1008","0"
"1009","1"
"1010","0"
"1011","1"
"1012","0"
"1013","1"
"1014","0"
"1015","0"
"1016","0"
"1017","0"
"1018","0"
"1019","0"
"1020","0"
"1021","1"
"1022","0"
"1023","0"
"1024","1"
"1025","1"
"1026","1"
"1027","0"
"1028","0"
"1029","0"
"1030","1"
"1031","0"
"1032","1"
"1033","0"
"1034","0"
"1035","0"
"1036","0"
"1037","0"
"1038","1"
"1039","0"
"1040","0"
"1041","0"
"1042","0"
"1043","1"
"1044","0"
"1045","1"
"1046","0"
"1047","0"
"1048","1"
"1049","0"
"1050","1"
"1051","0"
"1052","0"
"1053","0"
"1054","1"
"1055","0"
"1056","0"
"1057","0"
"1058","1"
"1059","1"
"1060","0"
"1061","1"
"1062","0"
"1063","0"
"1064","1"
"1065","0"
"1066","1"
"1067","1"
"1068","1"
"1069","0"
"1070","0"
"1071","0"
"1072","0"
"1073","0"
"1074","0"
"1075","1"
"1076","1"
"1077","0"
"1078","0"
"1079","0"
"1080","0"
"1081","0"
"1082","0"
"1083","0"
"1084","0"
"1085","0"
"1086","0"
"1087","0"
"1088","1"
"1089","1"
"1090","0"
"1091","0"
"1092","0"
"1093","0"
"1094","0"
"1095","0"
"1096","0"
"1097","0"
"1098","0"
"1099","0"
"1100","0"
"1101","0"
"1102","0"
"1103","0"
"1104","1"
"1105","1"
"1106","0"
"1107","0"
"1108","0"
"1109","1"
"1110","0"
"1111","1"
"1112","1"
"1113","0"
"1114","0"
"1115","0"
"1116","1"
"1117","0"
"1118","0"
"1119","0"
"1120","0"
"1121","0"
"1122","0"
"1123","1"
"1124","1"
"1125","1"
"1126","0"
"1127","1"
"1128","1"
"1129","1"
"1130","0"
"1131","0"
"1132","0"
"1133","1"
"1134","0"
"1135","1"
"1136","0"
"1137","1"
"1138","1"
"1139","0"
"1140","0"
"1141","0"
"1142","1"
"1143","0"
"1144","0"
"1145","1"
"1146","1"
"1147","0"
"1148","1"
"1149","0"
"1150","0"
"1151","0"
"1152","1"
"1153","1"
"1154","0"
"1155","0"
"1156","1"
"1157","0"
"1158","0"
"1159","0"
"1160","0"
"1161","1"
"1162","1"
"1163","0"
"1164","0"
"1165","0"
"1166","1"
"1167","1"
"1168","0"
"1169","0"
"1170","0"
"1171","0"
"1172","0"
"1173","0"
"1174","1"
"1175","0"
"1176","0"
"1177","1"
"1178","0"
"1179","1"
"1180","1"
"1181","0"
"1182","0"
"1183","0"
"1184","0"
"1185","1"
"1186","1"
"1187","1"
"1188","0"
"1189","0"
"1190","0"
"1191","1"
"1192","1"
"1193","0"
"1194","0"
"1195","1"
"1196","1"
"1197","0"
"1198","0"
"1199","0"
"1200","0"
"1201","0"
"1202","1"
"1203","1"
"1204","0"
"1205","1"
"1206","0"
"1207","0"
"1208","0"
"1209","0"
"1210","0"
"1211","0"
"1212","0"
"1213","0"
"1214","0"
"1215","0"
"1216","0"
"1217","0"
"1218","1"
"1219","1"
"1220","0"
"1221","1"
"1222","0"
"1223","1"
"1224","0"
"1225","0"
"1226","0"
"1227","1"
"1228","1"
"1229","1"
"1230","0"
"1231","0"
"1232","1"
"1233","0"
"1234","0"
"1235","1"
"1236","1"
"1237","0"
"1238","0"
"1239","0"
"1240","0"
"1241","0"
"1242","0"
"1243","0"
"1244","1"
"1245","0"
"1246","1"
"1247","0"
"1248","0"
"1249","0"
"1250","0"
"1251","0"
"1252","0"
"1253","0"
"1254","1"
"1255","0"
"1256","1"
"1257","0"
"1258","0"
"1259","0"
"1260","0"
"1261","0"
"1262","0"
"1263","0"
"1264","1"
"1265","1"
"1266","0"
"1267","0"
"1268","0"
"1269","1"
"1270","0"
"1271","0"
"1272","0"
"1273","0"
"1274","0"
"1275","0"
"1276","1"
"1277","0"
"1278","0"
"1279","0"
"1280","0"
"1281","0"
"1282","1"
"1283","0"
"1284","0"
"1285","1"
"1286","0"
"1287","0"
"1288","1"
"1289","0"
"1290","0"
"1291","0"
"1292","0"
"1293","0"
"1294","1"
"1295","0"
"1296","0"
"1297","0"
"1298","0"
"1299","0"
"1300","0"
"1301","0"
"1302","0"
"1303","0"
"1304","1"
"1305","1"
"1306","1"
"1307","1"
"1308","1"
"1309","0"
"1310","1"
"1311","1"
"1312","0"
"1313","1"
"1314","1"
"1315","0"
"1316","0"
"1317","0"
"1318","1"
"1319","1"
"1320","0"
"1321","1"
"1322","0"
"1323","0"
"1324","0"
"1325","1"
"1326","0"
"1327","1"
"1328","0"
"1329","1"
"1330","1"
"1331","1"
"1332","1"
"1333","0"
"1334","1"
"1335","0"
"1336","0"
"1337","0"
"1338","1"
"1339","1"
"1340","0"
"1341","0"
"1342","1"
"1343","1"
"1344","0"
"1345","0"
"1346","0"
"1347","1"
"1348","0"
"1349","0"
"1350","1"
"1351","0"
"1352","0"
"1353","1"
"1354","0"
"1355","0"
"1356","1"
"1357","1"
"1358","0"
"1359","0"
"1360","1"
"1361","0"
"1362","0"
"1363","0"
"1364","0"
"1365","1"
"1366","0"
"1367","0"
"1368","0"
"1369","0"
"1370","1"
"1371","0"
"1372","0"
"1373","1"
"1374","1"
"1375","0"
"1376","0"
"1377","0"
"1378","0"
"1379","0"
"1380","0"
"1381","0"
"1382","1"
"1383","0"
"1384","0"
"1385","0"
"1386","1"
"1387","1"
"1388","0"
"1389","1"
"1390","0"
"1391","0"
"1392","0"
"1393","1"
"1394","0"
"1395","0"
"1396","1"
"1397","0"
"1398","0"
"1399","0"
"1400","0"
"1401","0"
"1402","0"
"1403","0"
"1404","0"
"1405","0"
"1406","1"
"1407","0"
"1408","1"
"1409","0"
"1410","0"
"1411","0"
"1412","0"
"1413","0"
"1414","0"
"1415","0"
"1416","0"
"1417","0"
"1418","0"
"1419","1"
"1420","0"
"1421","0"
"1422","1"
"1423","0"
"1424","1"
"1425","0"
"1426","0"
"1427","0"
"1428","1"
"1429","0"
"1430","0"
"1431","1"
"1432","0"
"1433","0"
"1434","0"
"1435","0"
"1436","0"
"1437","0"
"1438","0"
"1439","1"
"1440","1"
"1441","0"
"1442","1"
"1443","0"
"1444","1"
"1445","0"
"1446","0"
"1447","1"
"1448","1"
"1449","1"
"1450","0"
"1451","0"
"1452","0"
"1453","1"
"1454","0"
"1455","1"
"1456","0"
"1457","1"
"1458","0"
"1459","0"
"1460","0"
"1461","1"
"1462","1"
"1463","1"
"1464","0"
"1465","1"
"1466","0"
"1467","0"
"1468","1"
"1469","1"
"1470","1"
"1471","0"
"1472","1"
"1473","0"
"1474","0"
"1475","1"
"1476","0"
"1477","0"
"1478","0"
"1479","1"
"1480","1"
"1481","0"
"1482","0"
"1483","0"
"1484","0"
"1485","1"
"1486","0"
"1487","0"
"1488","0"
"1489","0"
"1490","1"
"1491","0"
"1492","0"
"1493","0"
"1494","0"
"1495","1"
"1496","0"
"1497","0"
"1498","0"
"1499","1"
"1500","0"
"1501","1"
"1502","0"
"1503","0"
"1504","1"
"1505","0"
"1506","0"
"1507","0"
"1508","0"
"1509","0"
"1510","0"
"1511","0"
"1512","1"
"1513","1"
"1514","0"
"1515","0"
"1516","1"
"1517","1"
"1518","1"
"1519","1"
"1520","0"
"1521","0"
"1522","1"
"1523","0"
"1524","0"
"1525","0"
"1526","0"
"1527","0"
"1528","0"
"1529","1"
"1530","0"
"1531","1"
"1532","1"
"1533","1"
"1534","1"
"1535","0"
"1536","1"
"1537","1"
"1538","0"
"1539","0"
"1540","0"
"1541","0"
"1542","1"
"1543","1"
"1544","0"
"1545","0"
"1546","0"
"1547","0"
"1548","0"
"1549","0"
"1550","0"
"1551","0"
"1552","1"
"1553","0"
"1554","1"
"1555","0"
"1556","0"
"1557","1"
"1558","0"
"1559","0"
"1560","1"
"1561","0"
"1562","0"
"1563","1"
"1564","0"
"1565","0"
"1566","0"
"1567","0"
"1568","0"
"1569","0"
"1570","1"
"1571","0"
"1572","0"
"1573","0"
"1574","0"
"1575","1"
"1576","1"
"1577","0"
"1578","1"
"1579","0"
"1580","0"
"1581","0"
"1582","0"
"1583","1"
"1584","0"
"1585","0"
"1586","0"
"1587","0"
"1588","1"
"1589","0"
"1590","1"
"1591","0"
"1592","0"
"1593","0"
"1594","1"
"1595","0"
"1596","0"
"1597","0"
"1598","0"
"1599","0"
"1600","0"
"1601","0"
"1602","1"
"1603","0"
"1604","1"
"1605","1"
"1606","0"
"1607","0"
"1608","0"
"1609","0"
"1610","1"
"1611","0"
"1612","0"
"1613","1"
"1614","1"
"1615","0"
"1616","0"
"1617","0"
"1618","0"
"1619","0"
"1620","0"
"1621","0"
"1622","0"
"1623","0"
"1624","1"
"1625","0"
"1626","0"
"1627","0"
"1628","0"
"1629","0"
"1630","1"
"1631","0"
"1632","1"
"1633","1"
"1634","1"
"1635","1"
"1636","1"
"1637","0"
"1638","1"
"1639","1"
"1640","0"
"1641","1"
"1642","1"
"1643","1"
"1644","0"
"1645","1"
"1646","1"
"1647","0"
"1648","0"
"1649","0"
"1650","1"
"1651","0"
"1652","0"
"1653","0"
"1654","0"
"1655","1"
"1656","0"
"1657","1"
"1658","0"
"1659","1"
"1660","0"
"1661","0"
"1662","1"
"1663","0"
"1664","0"
"1665","0"
"1666","1"
"1667","0"
"1668","0"
"1669","0"
"1670","0"
"1671","0"
"1672","0"
"1673","1"
"1674","0"
"1675","0"
"1676","0"
"1677","0"
"1678","0"
"1679","1"
"1680","0"
"1681","0"
"1682","1"
"1683","0"
"1684","1"
"1685","0"
"1686","0"
"1687","0"
"1688","1"
"1689","1"
"1690","1"
"1691","0"
"1692","1"
"1693","1"
"1694","0"
"1695","1"
"1696","0"
"1697","0"
"1698","0"
"1699","0"
"1700","0"
"1701","0"
"1702","0"
"1703","0"
"1704","0"
"1705","1"
"1706","1"
"1707","0"
"1708","1"
"1709","0"
"1710","1"
"1711","0"
"1712","1"
"1713","0"
"1714","1"
"1715","1"
"1716","0"
"1717","0"
"1718","0"
"1719","1"
"1720","0"
"1721","0"
"1722","0"
"1723","0"
"1724","0"
"1725","0"
"1726","0"
"1727","0"
"1728","0"
"1729","0"
"1730","0"
"1731","1"
"1732","0"
"1733","0"
"1734","0"
"1735","1"
"1736","1"
"1737","0"
"1738","0"
"1739","1"
"1740","1"
"1741","0"
"1742","0"
"1743","0"
"1744","0"
"1745","1"
"1746","0"
"1747","0"
"1748","0"
"1749","0"
"1750","0"
"1751","1"
"1752","0"
"1753","0"
"1754","1"
"1755","1"
"1756","1"
"1757","0"
"1758","0"
"1759","0"
"1760","0"
"1761","0"
"1762","1"
"1763","0"
"1764","1"
"1765","1"
"1766","1"
"1767","1"
"1768","0"
"1769","0"
"1770","1"
"1771","0"
"1772","0"
"1773","1"
"1774","0"
"1775","0"
"1776","0"
"1777","1"
"1778","0"
"1779","0"
"1780","1"
"1781","0"
"1782","0"
"1783","0"
"1784","0"
"1785","0"
"1786","0"
"1787","0"
"1788","0"
"1789","1"
"1790","1"
"1791","0"
"1792","0"
"1793","1"
"1794","1"
"1795","0"
"1796","0"
"1797","1"
"1798","1"
"1799","1"
"1800","0"
"1801","0"
"1802","1"
"1803","0"
"1804","0"
"1805","0"
"1806","0"
"1807","0"
"1808","1"
"1809","0"
"1810","0"
"1811","0"
"1812","0"
"1813","0"
"1814","0"
"1815","1"
"1816","0"
"1817","0"
"1818","0"
"1819","0"
"1820","0"
"1821","0"
"1822","0"
"1823","1"
"1824","0"
"1825","0"
"1826","0"
"1827","1"
"1828","0"
"1829","1"
"1830","1"
"1831","1"
"1832","0"
"1833","0"
"1834","0"
"1835","0"
"1836","0"
"1837","0"
"1838","0"
"1839","0"
"1840","0"
"1841","0"
"1842","0"
"1843","0"
"1844","0"
"1845","0"
"1846","0"
"1847","0"
"1848","1"
"1849","0"
"1850","0"
"1851","1"
"1852","0"
"1853","0"
"1854","0"
"1855","1"
"1856","0"
"1857","1"
"1858","0"
"1859","0"
"1860","0"
"1861","0"
"1862","0"
"1863","0"
"1864","0"
"1865","0"
"1866","0"
"1867","0"
"1868","0"
"1869","0"
"1870","1"
"1871","0"
"1872","1"
"1873","0"
"1874","0"
"1875","1"
"1876","1"
"1877","1"
"1878","0"
"1879","1"
"1880","0"
"1881","0"
"1882","0"
"1883","0"
"1884","1"
"1885","0"
"1886","0"
"1887","0"
"1888","1"
"1889","0"
"1890","1"
"1891","0"
"1892","0"
"1893","0"
"1894","0"
"1895","0"
"1896","0"
"1897","1"
"1898","1"
"1899","0"
"1900","1"
"1901","0"
"1902","1"
"1903","1"
"1904","1"
"1905","0"
"1906","0"
"1907","1"
"1908","0"
"1909","1"
"1910","0"
"1911","0"
"1912","0"
"1913","0"
"1914","0"
"1915","0"
"1916","1"
"1917","1"
"1918","0"
"1919","0"
"1920","1"
"1921","0"
"1922","1"
"1923","0"
"1924","0"
"1925","1"
"1926","0"
"1927","1"
"1928","1"
"1929","1"
"1930","1"
"1931","0"
"1932","0"
"1933","1"
"1934","0"
"1935","0"
"1936","0"
"1937","0"
"1938","1"
"1939","0"
"1940","1"
"1941","1"
"1942","0"
"1943","0"
"1944","0"
"1945","0"
"1946","1"
"1947","1"
"1948","1"
"1949","0"
"1950","1"
"1951","0"
"1952","1"
"1953","1"
"1954","0"
"1955","1"
"1956","0"
"1957","0"
"1958","1"
"1959","0"
"1960","0"
"1961","0"
"1962","0"
"1963","0"
"1964","0"
"1965","0"
"1966","1"
"1967","1"
"1968","0"
"1969","0"
"1970","1"
"1971","1"
"1972","1"
"1973","1"
"1974","1"
"1975","0"
"1976","0"
"1977","1"
"1978","1"
"1979","0"
"1980","0"
"1981","1"
"1982","0"
"1983","0"
"1984","0"
"1985","1"
"1986","1"
"1987","1"
"1988","0"
"1989","1"
"1990","1"
"1991","0"
"1992","0"
"1993","0"
"1994","1"
"1995","0"
"1996","1"
"1997","1"
"1998","0"
"1999","1"
"2000","0"
"2001","0"
"2002","1"
"2003","1"
"2004","0"
"2005","0"
"2006","1"
"2007","0"
"2008","0"
"2009","1"
"2010","0"
"2011","1"
"2012","1"
"2013","1"
"2014","0"
"2015","0"
"2016","0"
"2017","1"
"2018","0"
"2019","1"
"2020","0"
"2021","0"
"2022","0"
"2023","0"
"2024","0"
"2025","0"
"2026","1"
"2027","1"
"2028","0"
"2029","0"
"2030","0"
"2031","0"
"2032","1"
"2033","1"
"2034","0"
"2035","1"
"2036","0"
"2037","0"
"2038","0"
"2039","1"
"2040","0"
"2041","0"
"2042","0"
"2043","1"
"2044","0"
"2045","0"
"2046","0"
"2047","0"
"2048","0"
"2049","1"
"2050","0"
"2051","0"
"2052","0"
"2053","0"
"2054","0"
"2055","0"
"2056","1"
"2057","1"
"2058","0"
"2059","1"
"2060","1"
"2061","0"
"2062","1"
"2063","0"
"2064","0"
"2065","1"
"2066","0"
"2067","0"
"2068","0"
"2069","0"
"2070","1"
"2071","0"
"2072","0"
"2073","0"
"2074","0"
"2075","0"
"2076","1"
"2077","0"
"2078","1"
"2079","0"
"2080","1"
"2081","0"
"2082","1"
"2083","1"
"2084","0"
"2085","0"
"2086","0"
"2087","0"
"2088","1"
"2089","1"
"2090","0"
"2091","1"
"2092","0"
"2093","1"
"2094","0"
"2095","0"
"2096","0"
"2097","0"
"2098","0"
"2099","0"
"2100","0"
"2101","0"
"2102","0"
"2103","1"
"2104","0"
"2105","1"
"2106","0"
"2107","1"
"2108","0"
"2109","0"
"2110","0"
"2111","0"
"2112","0"
"2113","0"
"2114","0"
"2115","0"
"2116","0"
"2117","0"
"2118","1"
"2119","1"
"2120","0"
"2121","0"
"2122","1"
"2123","1"
"2124","0"
"2125","0"
"2126","1"
"2127","1"
"2128","1"
"2129","1"
"2130","0"
"2131","0"
"2132","1"
"2133","0"
"2134","0"
"2135","0"
"2136","0"
"2137","0"
"2138","0"
"2139","0"
"2140","1"
"2141","1"
"2142","1"
"2143","1"
"2144","0"
"2145","0"
"2146","0"
"2147","0"
"2148","1"
"2149","1"
"2150","0"
"2151","1"
"2152","0"
"2153","0"
"2154","0"
"2155","0"
"2156","1"
"2157","1"
"2158","0"
"2159","0"
"2160","0"
"2161","0"
"2162","0"
"2163","1"
"2164","0"
"2165","0"
"2166","1"
"2167","0"
"2168","0"
"2169","0"
"2170","1"
"2171","0"
"2172","0"
"2173","0"
"2174","0"
"2175","0"
"2176","0"
"2177","0"
"2178","0"
"2179","0"
"2180","1"
"2181","0"
"2182","1"
"2183","0"
"2184","0"
"2185","0"
"2186","1"
"2187","1"
"2188","1"
"2189","0"
"2190","0"
"2191","1"
"2192","1"
"2193","0"
"2194","0"
"2195","1"
"2196","0"
"2197","0"
"2198","1"
"2199","0"
"2200","0"
"2201","1"
"2202","0"
"2203","1"
"2204","1"
"2205","0"
"2206","1"
"2207","1"
"2208","1"
"2209","0"
"2210","1"
"2211","0"
"2212","0"
"2213","0"
"2214","0"
"2215","0"
"2216","0"
"2217","1"
"2218","0"
"2219","1"
"2220","1"
"2221","0"
"2222","1"
"2223","1"
"2224","0"
"2225","1"
"2226","0"
"2227","0"
"2228","1"
"2229","0"
"2230","0"
"2231","1"
"2232","1"
"2233","0"
"2234","1"
"2235","0"
"2236","1"
"2237","1"
"2238","0"
"2239","0"
"2240","0"
"2241","1"
"2242","0"
"2243","1"
"2244","1"
"2245","0"
"2246","0"
"2247","0"
"2248","0"
"2249","0"
"2250","1"
"2251","0"
"2252","1"
"2253","1"
"2254","1"
"2255","0"
"2256","0"
"2257","1"
"2258","1"
"2259","0"
"2260","0"
"2261","0"
"2262","1"
"2263","0"
"2264","1"
"2265","0"
"2266","0"
"2267","0"
"2268","0"
"2269","0"
"2270","0"
"2271","0"
"2272","0"
"2273","0"
"2274","0"
"2275","0"
"2276","0"
"2277","0"
"2278","1"
"2279","0"
"2280","1"
"2281","1"
"2282","0"
"2283","0"
"2284","0"
"2285","0"
"2286","1"
"2287","0"
"2288","0"
"2289","0"
"2290","0"
"2291","1"
"2292","0"
"2293","0"
"2294","1"
"2295","0"
"2296","0"
"2297","0"
"2298","0"
"2299","1"
"2300","1"
"2301","0"
"2302","0"
"2303","1"
"2304","1"
"2305","1"
"2306","1"
"2307","1"
"2308","1"
"2309","1"
"2310","0"
"2311","0"
"2312","1"
"2313","0"
"2314","0"
"2315","0"
"2316","0"
"2317","1"
"2318","0"
"2319","0"
"2320","0"
"2321","0"
"2322","1"
"2323","0"
"2324","1"
"2325","0"
"2326","0"
"2327","1"
"2328","0"
"2329","1"
"2330","1"
"2331","0"
"2332","0"
"2333","1"
"2334","0"
"2335","0"
"2336","1"
"2337","1"
"2338","0"
"2339","0"
"2340","1"
"2341","0"
"2342","0"
"2343","1"
"2344","1"
"2345","1"
"2346","0"
"2347","1"
"2348","1"
"2349","0"
"2350","0"
"2351","0"
"2352","1"
"2353","0"
"2354","1"
"2355","0"
"2356","0"
"2357","0"
"2358","1"
"2359","0"
"2360","1"
"2361","1"
"2362","1"
"2363","1"
"2364","0"
"2365","0"
"2366","0"
"2367","1"
"2368","1"
"2369","0"
"2370","1"
"2371","0"
"2372","1"
"2373","0"
"2374","0"
"2375","0"
"2376","0"
"2377","0"
"2378","1"
"2379","0"
"2380","1"
"2381","1"
"2382","0"
"2383","0"
"2384","0"
"2385","1"
"2386","1"
"2387","0"
"2388","0"
"2389","0"
"2390","1"
"2391","0"
"2392","0"
"2393","0"
"2394","0"
"2395","1"
"2396","0"
"2397","0"
"2398","1"
"2399","0"
"2400","0"
"2401","0"
"2402","0"
"2403","0"
"2404","1"
"2405","0"
"2406","0"
"2407","0"
"2408","0"
"2409","0"
"2410","0"
"2411","1"
"2412","0"
"2413","1"
"2414","1"
"2415","0"
"2416","1"
"2417","0"
"2418","0"
"2419","0"
"2420","0"
"2421","1"
"2422","0"
"2423","1"
"2424","1"
"2425","1"
"2426","0"
"2427","0"
"2428","1"
"2429","0"
"2430","0"
"2431","0"
"2432","1"
"2433","0"
"2434","0"
"2435","0"
"2436","0"
"2437","0"
"2438","0"
"2439","0"
"2440","1"
"2441","0"
"2442","0"
"2443","1"
"2444","1"
"2445","0"
"2446","0"
"2447","1"
"2448","1"
"2449","1"
"2450","0"
"2451","1"
"2452","1"
"2453","0"
"2454","0"
"2455","0"
"2456","0"
"2457","0"
"2458","0"
"2459","0"
"2460","0"
"2461","0"
"2462","0"
"2463","1"
"2464","0"
"2465","0"
"2466","0"
"2467","0"
"2468","0"
"2469","0"
"2470","0"
"2471","0"
"2472","1"
"2473","1"
"2474","0"
"2475","1"
"2476","0"
"2477","0"
"2478","1"
"2479","0"
"2480","1"
"2481","0"
"2482","0"
"2483","0"
"2484","0"
"2485","0"
"2486","0"
"2487","0"
"2488","1"
"2489","0"
"2490","0"
"2491","0"
"2492","0"
"2493","1"
"2494","1"
"2495","0"
"2496","1"
"2497","0"
"2498","0"
"2499","0"
"2500","0"
"2501","0"
"2502","0"
"2503","0"
"2504","0"
"2505","0"
"2506","0"
"2507","0"
"2508","1"
"2509","0"
"2510","0"
"2511","1"
"2512","0"
"2513","1"
"2514","0"
"2515","0"
"2516","0"
"2517","0"
"2518","0"
"2519","0"
"2520","0"
"2521","0"
"2522","0"
"2523","0"
"2524","1"
"2525","0"
"2526","0"
"2527","0"
"2528","0"
"2529","0"
"2530","0"
"2531","0"
"2532","0"
"2533","0"
"2534","0"
"2535","0"
"2536","0"
"2537","0"
"2538","0"
"2539","0"
"2540","0"
"2541","1"
"2542","0"
"2543","0"
"2544","1"
"2545","0"
"2546","1"
"2547","0"
"2548","1"
"2549","1"
"2550","0"
"2551","0"
"2552","0"
"2553","0"
"2554","1"
"2555","0"
"2556","0"
"2557","1"
"2558","1"
"2559","0"
"2560","0"
"2561","0"
"2562","1"
"2563","0"
"2564","0"
"2565","1"
"2566","0"
"2567","0"
"2568","0"
"2569","0"
"2570","1"
"2571","1"
"2572","0"
"2573","1"
"2574","0"
"2575","1"
"2576","0"
"2577","1"
"2578","0"
"2579","1"
"2580","0"
"2581","1"
"2582","0"
"2583","1"
"2584","1"
"2585","0"
"2586","0"
"2587","0"
"2588","1"
"2589","0"
"2590","1"
"2591","1"
"2592","0"
"2593","0"
"2594","1"
"2595","0"
"2596","0"
"2597","1"
"2598","1"
"2599","0"
"2600","0"
"2601","0"
"2602","0"
"2603","0"
"2604","0"
"2605","1"
"2606","0"
"2607","1"
"2608","0"
"2609","1"
"2610","0"
"2611","0"
"2612","0"
"2613","0"
"2614","1"
"2615","0"
"2616","0"
"2617","0"
"2618","1"
"2619","1"
"2620","1"
"2621","0"
"2622","1"
"2623","0"
"2624","1"
"2625","0"
"2626","0"
"2627","1"
"2628","0"
"2629","0"
"2630","0"
"2631","1"
"2632","1"
"2633","0"
"2634","0"
"2635","1"
"2636","1"
"2637","1"
"2638","1"
"2639","1"
"2640","0"
"2641","1"
"2642","0"
"2643","0"
"2644","1"
"2645","1"
"2646","0"
"2647","0"
"2648","0"
"2649","0"
"2650","1"
"2651","1"
"2652","0"
"2653","1"
"2654","0"
"2655","0"
"2656","0"
"2657","0"
"2658","1"
"2659","0"
"2660","0"
"2661","0"
"2662","1"
"2663","0"
"2664","0"
"2665","0"
"2666","0"
"2667","0"
"2668","0"
"2669","1"
"2670","0"
"2671","0"
"2672","0"
"2673","0"
"2674","1"
"2675","1"
"2676","0"
"2677","0"
"2678","1"
"2679","1"
"2680","0"
"2681","0"
"2682","1"
"2683","1"
"2684","1"
"2685","1"
"2686","0"
"2687","1"
"2688","1"
"2689","0"
"2690","0"
"2691","0"
"2692","0"
"2693","0"
"2694","1"
"2695","0"
"2696","1"
"2697","0"
"2698","0"
"2699","0"
"2700","0"
"2701","0"
"2702","1"
"2703","1"
"2704","1"
"2705","0"
"2706","0"
"2707","0"
"2708","0"
"2709","0"
"2710","1"
"2711","1"
"2712","0"
"2713","1"
"2714","1"
"2715","1"
"2716","0"
"2717","0"
"2718","0"
"2719","0"
"2720","0"
"2721","0"
"2722","0"
"2723","1"
"2724","0"
"2725","1"
"2726","1"
"2727","0"
"2728","0"
"2729","0"
"2730","1"
"2731","0"
"2732","0"
"2733","0"
"2734","1"
"2735","1"
"2736","1"
"2737","0"
"2738","0"
"2739","0"
"2740","0"
"2741","0"
"2742","0"
"2743","0"
"2744","1"
"2745","0"
"2746","0"
"2747","0"
"2748","0"
"2749","0"
"2750","0"
"2751","0"
"2752","0"
"2753","0"
"2754","1"
"2755","1"
"2756","0"
"2757","1"
"2758","1"
"2759","0"
"2760","0"
"2761","0"
"2762","1"
"2763","1"
"2764","1"
"2765","0"
"2766","0"
"2767","1"
"2768","0"
"2769","1"
"2770","0"
"2771","0"
"2772","0"
"2773","0"
"2774","1"
"2775","0"
"2776","0"
"2777","0"
"2778","0"
"2779","0"
"2780","1"
"2781","0"
"2782","0"
"2783","0"
"2784","0"
"2785","0"
"2786","0"
"2787","0"
"2788","1"
"2789","0"
"2790","1"
"2791","0"
"2792","0"
"2793","1"
"2794","0"
"2795","0"
"2796","0"
"2797","1"
"2798","0"
"2799","1"
"2800","0"
"2801","0"
"2802","1"
"2803","0"
"2804","0"
"2805","0"
"2806","0"
"2807","0"
"2808","0"
"2809","0"
"2810","0"
"2811","0"
"2812","1"
"2813","0"
"2814","1"
"2815","1"
"2816","0"
"2817","0"
"2818","1"
"2819","0"
"2820","0"
"2821","0"
"2822","0"
"2823","0"
"2824","0"
"2825","1"
"2826","1"
"2827","0"
"2828","0"
"2829","0"
"2830","0"
"2831","0"
"2832","0"
"2833","1"
"2834","0"
"2835","0"
"2836","0"
"2837","1"
"2838","1"
"2839","0"
"2840","1"
"2841","1"
"2842","0"
"2843","0"
"2844","0"
"2845","0"
"2846","0"
"2847","1"
"2848","0"
"2849","0"
"2850","1"
"2851","1"
"2852","1"
"2853","0"
"2854","1"
"2855","1"
"2856","1"
"2857","0"
"2858","0"
"2859","0"
"2860","0"
"2861","0"
"2862","1"
"2863","1"
"2864","0"
"2865","0"
"2866","1"
"2867","0"
"2868","0"
"2869","0"
"2870","0"
"2871","0"
"2872","0"
"2873","1"
"2874","0"
"2875","0"
"2876","0"
"2877","0"
"2878","0"
"2879","1"
"2880","0"
"2881","0"
"2882","0"
"2883","0"
"2884","1"
"2885","1"
"2886","1"
"2887","0"
"2888","0"
"2889","0"
"2890","1"
"2891","0"
"2892","0"
"2893","1"
"2894","0"
"2895","1"
"2896","0"
"2897","0"
"2898","0"
"2899","1"
"2900","0"
"2901","1"
"2902","1"
"2903","1"
"2904","0"
"2905","0"
"2906","0"
"2907","1"
"2908","0"
"2909","0"
"2910","1"
"2911","1"
"2912","1"
"2913","0"
"2914","1"
"2915","0"
"2916","1"
"2917","1"
"2918","1"
"2919","1"
"2920","0"
"2921","1"
"2922","1"
"2923","1"
"2924","0"
"2925","1"
"2926","1"
"2927","1"
"2928","0"
"2929","0"
"2930","0"
"2931","0"
"2932","0"
"2933","0"
"2934","0"
"2935","0"
"2936","0"
"2937","1"
"2938","0"
"2939","0"
"2940","0"
"2941","0"
"2942","0"
"2943","1"
"2944","0"
"2945","0"
"2946","0"
"2947","0"
"2948","0"
"2949","1"
"2950","0"
"2951","0"
"2952","1"
"2953","0"
"2954","0"
"2955","0"
"2956","1"
"2957","1"
"2958","1"
"2959","0"
"2960","1"
"2961","1"
"2962","1"
"2963","0"
"2964","0"
"2965","0"
"2966","1"
"2967","0"
"2968","1"
"2969","0"
"2970","0"
"2971","1"
"2972","1"
"2973","0"
"2974","1"
"2975","0"
"2976","0"
"2977","0"
"2978","0"
"2979","0"
"2980","0"
"2981","0"
"2982","0"
"2983","0"
"2984","1"
"2985","1"
"2986","0"
"2987","0"
"2988","0"
"2989","0"
"2990","0"
"2991","0"
"2992","1"
"2993","1"
"2994","1"
"2995","1"
"2996","0"
"2997","0"
"2998","0"
"2999","1"
"3000","1"
"3001","1"
"3002","0"
"3003","0"
"3004","0"
"3005","1"
"3006","0"
"3007","0"
"3008","1"
"3009","1"
"3010","1"
"3011","0"
"3012","0"
"3013","0"
"3014","0"
"3015","0"
"3016","1"
"3017","1"
"3018","1"
"3019","1"
"3020","0"
"3021","0"
"3022","0"
"3023","0"
"3024","0"
"3025","1"
"3026","1"
"3027","0"
"3028","1"
"3029","1"
"3030","0"
"3031","0"
"3032","0"
"3033","0"
"3034","0"
"3035","1"
"3036","0"
"3037","0"
"3038","1"
"3039","0"
"3040","0"
"3041","0"
"3042","1"
"3043","0"
"3044","1"
"3045","0"
"3046","1"
"3047","0"
"3048","0"
"3049","0"
"3050","0"
"3051","0"
"3052","0"
"3053","1"
"3054","0"
"3055","0"
"3056","0"
"3057","0"
"3058","0"
"3059","0"
"3060","1"
"3061","0"
"3062","0"
"3063","0"
"3064","0"
"3065","0"
"3066","0"
"3067","0"
"3068","0"
"3069","0"
"3070","1"
"3071","0"
"3072","1"
"3073","0"
"3074","0"
"3075","0"
"3076","0"
"3077","0"
"3078","0"
"3079","1"
"3080","1"
"3081","1"
"3082","0"
"3083","0"
"3084","0"
"3085","0"
"3086","1"
"3087","0"
"3088","0"
"3089","0"
"3090","0"
"3091","0"
"3092","0"
"3093","1"
"3094","1"
"3095","0"
"3096","0"
"3097","1"
"3098","1"
"3099","1"
"3100","0"
"3101","1"
"3102","0"
"3103","0"
"3104","1"
"3105","0"
"3106","0"
"3107","0"
"3108","0"
"3109","0"
"3110","0"
"3111","0"
"3112","0"
"3113","0"
"3114","0"
"3115","0"
"3116","1"
"3117","1"
"3118","0"
"3119","0"
"3120","1"
"3121","0"
"3122","0"
"3123","1"
"3124","1"
"3125","1"
"3126","0"
"3127","1"
"3128","1"
"3129","0"
"3130","0"
"3131","0"
"3132","1"
"3133","0"
"3134","1"
"3135","0"
"3136","0"
"3137","0"
"3138","1"
"3139","0"
"3140","1"
"3141","0"
"3142","1"
"3143","1"
"3144","0"
"3145","0"
"3146","0"
"3147","1"
"3148","1"
"3149","1"
"3150","0"
"3151","0"
"3152","0"
"3153","0"
"3154","0"
"3155","0"
"3156","1"
"3157","0"
"3158","1"
"3159","1"
"3160","0"
"3161","0"
"3162","1"
"3163","0"
"3164","0"
"3165","0"
"3166","1"
"3167","0"
"3168","0"
"3169","1"
"3170","0"
"3171","0"
"3172","0"
"3173","0"
"3174","1"
"3175","0"
"3176","0"
"3177","0"
"3178","0"
"3179","0"
"3180","0"
"3181","1"
"3182","0"
"3183","1"
"3184","0"
"3185","1"
"3186","0"
"3187","1"
"3188","1"
"3189","1"
"3190","1"
"3191","0"
"3192","0"
"3193","1"
"3194","0"
"3195","0"
"3196","1"
"3197","0"
"3198","0"
"3199","0"
"3200","0"
"3201","0"
"3202","0"
"3203","1"
"3204","0"
"3205","0"
"3206","0"
"3207","0"
"3208","0"
"3209","0"
"3210","0"
"3211","0"
"3212","1"
"3213","1"
"3214","1"
"3215","0"
"3216","0"
"3217","0"
"3218","0"
"3219","1"
"3220","1"
"3221","1"
"3222","0"
"3223","1"
"3224","1"
"3225","0"
"3226","0"
"3227","0"
"3228","1"
"3229","0"
"3230","1"
"3231","0"
"3232","0"
"3233","1"
"3234","0"
"3235","0"
"3236","1"
"3237","0"
"3238","1"
"3239","0"
"3240","0"
"3241","0"
"3242","1"
"3243","1"
"3244","0"
"3245","0"
"3246","1"
"3247","1"
"3248","1"
"3249","0"
"3250","0"
"3251","1"
"3252","0"
"3253","0"
"3254","1"
"3255","1"
"3256","1"
"3257","0"
"3258","0"
"3259","1"
"3260","0"
"3261","0"
"3262","1"
"3263","0"
"3264","0"
"3265","1"
"3266","0"
"3267","0"
"3268","0"
"3269","1"
"3270","1"
"3271","0"
"3272","0"
"3273","1"
"3274","0"
"3275","0"
"3276","0"
"3277","0"
"3278","0"
"3279","0"
"3280","1"
"3281","0"
"3282","0"
"3283","0"
"3284","0"
"3285","0"
"3286","0"
"3287","1"
"3288","1"
"3289","0"
"3290","0"
"3291","1"
"3292","0"
"3293","0"
"3294","0"
"3295","0"
"3296","0"
"3297","0"
"3298","1"
"3299","1"
"3300","1"
"3301","1"
"3302","0"
"3303","1"
"3304","1"
"3305","0"
"3306","1"
"3307","0"
"3308","1"
"3309","0"
"3310","0"
"3311","0"
"3312","0"
"3313","1"
"3314","1"
"3315","1"
"3316","1"
"3317","0"
"3318","0"
"3319","1"
"3320","0"
"3321","1"
"3322","0"
"3323","1"
"3324","1"
"3325","1"
"3326","1"
"3327","0"
"3328","0"
"3329","0"
"3330","0"
"3331","0"
"3332","0"
"3333","1"
"3334","0"
"3335","1"
"3336","0"
"3337","0"
"3338","1"
"3339","0"
"3340","0"
"3341","1"
"3342","0"
"3343","0"
"3344","0"
"3345","1"
"3346","1"
"3347","1"
"3348","0"
"3349","1"
"3350","0"
"3351","0"
"3352","0"
"3353","0"
"3354","0"
"3355","1"
"3356","0"
"3357","0"
"3358","0"
"3359","0"
"3360","0"
"3361","1"
"3362","0"
"3363","1"
"3364","0"
"3365","0"
"3366","1"
"3367","0"
"3368","1"
"3369","0"
"3370","0"
"3371","0"
"3372","1"
"3373","0"
"3374","0"
"3375","0"
"3376","1"
"3377","0"
"3378","0"
"3379","1"
"3380","0"
"3381","0"
"3382","0"
"3383","0"
"3384","0"
"3385","1"
"3386","0"
"3387","1"
"3388","0"
"3389","0"
"3390","1"
"3391","0"
"3392","0"
"3393","0"
"3394","0"
"3395","1"
"3396","0"
"3397","0"
"3398","0"
"3399","0"
"3400","0"
"3401","0"
"3402","1"
"3403","0"
"3404","0"
"3405","1"
"3406","0"
"3407","1"
"3408","0"
"3409","1"
"3410","0"
"3411","1"
"3412","0"
"3413","0"
"3414","0"
"3415","1"
"3416","0"
"3417","1"
"3418","0"
"3419","1"
"3420","0"
"3421","1"
"3422","1"
"3423","0"
"3424","0"
"3425","0"
"3426","0"
"3427","0"
"3428","0"
"3429","0"
"3430","0"
"3431","0"
"3432","1"
"3433","1"
"3434","0"
"3435","0"
"3436","1"
"3437","0"
"3438","0"
"3439","1"
"3440","1"
"3441","0"
"3442","0"
"3443","0"
"3444","0"
"3445","1"
"3446","0"
"3447","0"
"3448","0"
"3449","0"
"3450","0"
"3451","0"
"3452","0"
"3453","0"
"3454","1"
"3455","0"
"3456","1"
"3457","1"
"3458","0"
"3459","1"
"3460","1"
"3461","1"
"3462","1"
"3463","0"
"3464","1"
"3465","0"
"3466","1"
"3467","0"
"3468","0"
"3469","1"
"3470","0"
"3471","1"
"3472","0"
"3473","0"
"3474","1"
"3475","0"
"3476","1"
"3477","0"
"3478","0"
"3479","0"
"3480","0"
"3481","0"
"3482","0"
"3483","0"
"3484","0"
"3485","0"
"3486","0"
"3487","0"
"3488","0"
"3489","0"
"3490","0"
"3491","0"
"3492","0"
"3493","0"
"3494","0"
"3495","0"
"3496","0"
"3497","1"
"3498","0"
"3499","1"
"3500","0"
"3501","0"
"3502","1"
"3503","0"
"3504","0"
"3505","0"
"3506","0"
"3507","1"
"3508","1"
"3509","0"
"3510","0"
"3511","1"
"3512","1"
"3513","1"
"3514","1"
"3515","1"
"3516","1"
"3517","1"
"3518","1"
"3519","0"
"3520","1"
"3521","1"
"3522","0"
"3523","0"
"3524","0"
"3525","1"
"3526","0"
"3527","0"
"3528","0"
"3529","0"
"3530","0"
"3531","1"
"3532","0"
"3533","0"
"3534","0"
"3535","0"
"3536","0"
"3537","0"
"3538","0"
"3539","1"
"3540","1"
"3541","0"
"3542","0"
"3543","0"
"3544","0"
"3545","0"
"3546","0"
"3547","0"
"3548","0"
"3549","1"
"3550","0"
"3551","0"
"3552","0"
"3553","1"
"3554","0"
"3555","1"
"3556","1"
"3557","1"
"3558","0"
"3559","0"
"3560","0"
"3561","1"
"3562","1"
"3563","0"
"3564","0"
"3565","0"
"3566","0"
"3567","0"
"3568","1"
"3569","1"
"3570","0"
"3571","0"
"3572","0"
"3573","0"
"3574","0"
"3575","1"
"3576","1"
"3577","0"
"3578","1"
"3579","1"
"3580","0"
"3581","0"
"3582","0"
"3583","1"
"3584","0"
"3585","0"
"3586","0"
"3587","0"
"3588","0"
"3589","1"
"3590","0"
"3591","0"
"3592","1"
"3593","1"
"3594","0"
"3595","0"
"3596","0"
"3597","0"
"3598","1"
"3599","0"
"3600","1"
"3601","0"
"3602","1"
"3603","0"
"3604","0"
"3605","0"
"3606","1"
"3607","1"
"3608","0"
"3609","1"
"3610","0"
"3611","0"
"3612","0"
"3613","1"
"3614","0"
"3615","0"
"3616","0"
"3617","1"
"3618","1"
"3619","0"
"3620","1"
"3621","0"
"3622","0"
"3623","1"
"3624","0"
"3625","1"
"3626","1"
"3627","0"
"3628","1"
"3629","0"
"3630","0"
"3631","0"
"3632","0"
"3633","0"
"3634","0"
"3635","0"
"3636","0"
"3637","0"
"3638","1"
"3639","0"
"3640","0"
"3641","0"
"3642","1"
"3643","1"
"3644","0"
"3645","0"
"3646","0"
"3647","1"
"3648","1"
"3649","1"
"3650","0"
"3651","0"
"3652","0"
"3653","0"
"3654","0"
"3655","0"
"3656","1"
"3657","1"
"3658","1"
"3659","1"
"3660","1"
"3661","0"
"3662","1"
"3663","0"
"3664","1"
"3665","0"
"3666","0"
"3667","0"
"3668","0"
"3669","0"
"3670","1"
"3671","1"
"3672","1"
"3673","1"
"3674","0"
"3675","1"
"3676","0"
"3677","0"
"3678","0"
"3679","0"
"3680","0"
"3681","0"
"3682","1"
"3683","1"
"3684","1"
"3685","0"
"3686","0"
"3687","0"
"3688","1"
"3689","0"
"3690","0"
"3691","0"
"3692","1"
"3693","1"
"3694","0"
"3695","1"
"3696","1"
"3697","0"
"3698","0"
"3699","1"
"3700","0"
"3701","1"
"3702","0"
"3703","0"
"3704","0"
"3705","0"
"3706","0"
"3707","0"
"3708","0"
"3709","1"
"3710","0"
"3711","0"
"3712","0"
"3713","1"
"3714","0"
"3715","0"
"3716","0"
"3717","0"
"3718","0"
"3719","0"
"3720","0"
"3721","1"
"3722","1"
"3723","0"
"3724","0"
"3725","0"
"3726","1"
"3727","1"
"3728","1"
"3729","1"
"3730","0"
"3731","0"
"3732","0"
"3733","1"
"3734","1"
"3735","1"
"3736","0"
"3737","0"
"3738","0"
"3739","0"
"3740","1"
"3741","0"
"3742","0"
"3743","1"
"3744","0"
"3745","1"
"3746","1"
"3747","0"
"3748","1"
"3749","0"
"3750","0"
"3751","1"
"3752","0"
"3753","1"
"3754","0"
"3755","0"
"3756","0"
"3757","1"
"3758","0"
"3759","0"
"3760","0"
"3761","1"
"3762","1"
"3763","0"
"3764","1"
"3765","0"
"3766","0"
"3767","1"
"3768","0"
"3769","0"
"3770","0"
"3771","0"
"3772","1"
"3773","1"
"3774","0"
"3775","1"
"3776","1"
"3777","1"
"3778","1"
"3779","0"
"3780","0"
"3781","0"
"3782","0"
"3783","0"
"3784","0"
"3785","0"
"3786","1"
"3787","1"
"3788","1"
"3789","1"
"3790","0"
"3791","0"
"3792","0"
"3793","0"
"3794","1"
"3795","0"
"3796","0"
"3797","0"
"3798","0"
"3799","0"
"3800","0"
"3801","0"
"3802","0"
"3803","1"
"3804","0"
"3805","0"
"3806","0"
"3807","0"
"3808","0"
"3809","1"
"3810","0"
"3811","0"
"3812","0"
"3813","0"
"3814","0"
"3815","1"
"3816","1"
"3817","0"
"3818","0"
"3819","1"
"3820","1"
"3821","0"
"3822","1"
"3823","0"
"3824","0"
"3825","1"
"3826","1"
"3827","1"
"3828","0"
"3829","0"
"3830","0"
"3831","0"
"3832","0"
"3833","1"
"3834","1"
"3835","0"
"3836","0"
"3837","1"
"3838","1"
"3839","0"
"3840","0"
"3841","1"
"3842","0"
"3843","1"
"3844","0"
"3845","0"
"3846","0"
"3847","0"
"3848","1"
"3849","0"
"3850","1"
"3851","0"
"3852","0"
"3853","0"
"3854","0"
"3855","0"
"3856","1"
"3857","1"
"3858","0"
"3859","0"
"3860","0"
"3861","0"
"3862","1"
"3863","1"
"3864","0"
"3865","0"
"3866","1"
"3867","1"
"3868","1"
"3869","0"
"3870","0"
"3871","0"
"3872","0"
"3873","0"
"3874","0"
"3875","0"
"3876","1"
"3877","1"
"3878","0"
"3879","0"
"3880","1"
"3881","1"
"3882","1"
"3883","0"
"3884","0"
"3885","0"
"3886","0"
"3887","0"
"3888","0"
"3889","1"
"3890","1"
"3891","1"
"3892","0"
"3893","0"
"3894","0"
"3895","0"
"3896","0"
"3897","0"
"3898","0"
"3899","0"
"3900","0"
"3901","1"
"3902","1"
"3903","0"
"3904","1"
"3905","1"
"3906","1"
"3907","0"
"3908","0"
"3909","0"
"3910","0"
"3911","0"
"3912","0"
"3913","0"
"3914","0"
"3915","1"
"3916","0"
"3917","1"
"3918","0"
"3919","1"
"3920","1"
"3921","0"
"3922","0"
"3923","1"
"3924","0"
"3925","0"
"3926","0"
"3927","0"
"3928","0"
"3929","0"
"3930","0"
"3931","0"
"3932","0"
"3933","0"
"3934","1"
"3935","1"
"3936","0"
"3937","0"
"3938","0"
"3939","1"
"3940","1"
"3941","0"
"3942","0"
"3943","0"
"3944","0"
"3945","0"
"3946","0"
"3947","0"
"3948","1"
"3949","0"
"3950","1"
"3951","0"
"3952","0"
"3953","1"
"3954","1"
"3955","0"
"3956","0"
"3957","1"
"3958","1"
"3959","0"
"3960","1"
"3961","0"
"3962","0"
"3963","0"
"3964","0"
"3965","0"
"3966","0"
"3967","0"
"3968","1"
"3969","0"
"3970","0"
"3971","1"
"3972","1"
"3973","0"
"3974","0"
"3975","0"
"3976","1"
"3977","0"
"3978","0"
"3979","0"
"3980","1"
"3981","1"
"3982","1"
"3983","0"
"3984","0"
"3985","1"
"3986","0"
"3987","0"
"3988","0"
"3989","0"
"3990","0"
"3991","1"
"3992","0"
"3993","0"
"3994","0"
"3995","0"
"3996","1"
"3997","1"
"3998","0"
"3999","1"
"4000","0"